c:\Users\Iban\Downloads\basque_profiles.jsonGender,Username,City,NameSet,Surname,EmailAddress,Age,Latitude,Longitude
female,Trignis,"Albánchez de Úbeda",Hispanic,Nieto,GiuniaNietoRazo@rhyta.com,59,37.790697,-3.509642
male,Usat1990,Gimileo,Hispanic,Pedroza,RaulPedrozaCalderon@fleckens.hu,34,42.557322,-2.729109
male,Quirded62,Fasnia,Hispanic,Méndez,DidioMendezMunoz@gustr.com,62,28.202299,-16.420482
male,Shmened,"Aldeanueva de Figueroa",Hispanic,Iglesias,BenicioIglesiasPedraza@rhyta.com,29,41.180887,-5.493908
female,Beittlet,"Madrigal de las Altas Torres",Hispanic,Armijo,AdoracionArmijoAdame@superrito.com,29,41.005872,-4.911837
female,Haked1996,Comares,Hispanic,Urías,NaroaUriasMacias@rhyta.com,28,36.770568,-4.278786
male,Turitch,Espartinas,Hispanic,Valdez,LeuterValdezRuiz@fleckens.hu,61,37.351388,-6.16222
female,Revelf,Fuenteliante,Hispanic,Treviño,TaraTrevinoArmendariz@fleckens.hu,59,40.878956,-6.563446
male,Lithen,Alcover,Hispanic,Villaseñor,JanocVillasenorBalderas@jourrapide.com,43,41.309805,1.077559
female,Fortioneaks,Benifato,Hispanic,Abreu,AuraAbreuSalas@einrot.com,40,38.690228,-0.268094
female,Twoment,Paymogo,Hispanic,Banda,YaraBandaVazquez@jourrapide.com,26,37.82962,-7.388426
male,Hommat,Leiro,Hispanic,Godínez,PirroGodinezPorras@jourrapide.com,31,42.471989,-8.638865
male,Fead1991,Valdeganga,Hispanic,Ramírez,MosheRamirezRojo@rhyta.com,33,39.238617,-1.635805
female,Hiscitifted,"Albelda de Iregua",Hispanic,Rentería,LibitinaRenteriaMatos@dayrep.com,70,42.411216,-2.382271
male,Shum1987,Mojados,Hispanic,Puga,EscipionPugaPineda@einrot.com,37,41.494309,-4.706319
male,Themady,"Peralejos de Abajo",Hispanic,Orosco,PompeyoOroscoAdame@rhyta.com,63,40.978414,-6.276149
female,Cappencond,Piñuécar,Hispanic,Rentería,MagdaRenteriaTirado@superrito.com,33,41.016649,-3.720675
female,Tichours,Villarquemado,Hispanic,Mojica,DenisaMojicaHolguin@superrito.com,75,40.438622,-1.30839
male,Wagood,Berga,Hispanic,Villanueva,IoavVillanuevaBarraza@rhyta.com,65,42.086667,1.799893
male,Conar1986,Cantoria,Hispanic,Pina,ColonPinaCovas@fleckens.hu,38,37.329459,-1.640788
female,Loffinds00,Gallur,Hispanic,Monroy,NarelllaMonroyMendez@rhyta.com,24,41.943601,-1.293673
male,Evereligh,"La Solana",Hispanic,Henríquez,EliecerHenriquezApodaca@teleworm.us,24,38.9965,-3.249632
female,Shads1983,Zerain,Hispanic,Alva,NumeriaAlvaBernal@gustr.com,40,42.999325,-2.171119
male,Thertied,Mazaricos,Hispanic,Perales,EcoPeralesFonseca@cuvox.de,35,42.97244,-8.901246
female,Himpled,Espiel,Hispanic,Griego,KamilleGriegoCalderon@dayrep.com,19,38.108802,-5.073525
female,Hisique,"Aldea del Fresno",Hispanic,Heredia,MeleaHerediaVarela@teleworm.us,57,40.318221,-4.19385
female,Devens2004,Garachico,Hispanic,Tamez,GundeniaTamezSantana@dayrep.com,20,28.424031,-16.703376
male,Weent1975,Noreña,Hispanic,Nava,EmilianNavaJaquez@armyspy.com,49,43.284381,-5.606208
male,Eavoldisely,"El Arenal",Hispanic,Varela,DylanVarelaAtencio@teleworm.us,20,40.279221,-5.021099
female,Swenoboy,Boal,Hispanic,Miranda,LoruhamaMirandaGaray@fleckens.hu,24,43.360763,-6.866203
female,Suponlorhou,"Perales de Tajuña",Hispanic,Alicea,BabsAliceaVelazquez@einrot.com,25,40.248166,-3.407136
female,Saids1995,Valgañón,Hispanic,Santillán,EufemiaSantillanMuro@jourrapide.com,29,42.272038,-3.146962
male,Houry1959,Casariche,Hispanic,Cazares,EleodoroCazaresMalave@teleworm.us,65,37.289386,-4.737718
male,Tortar,"Tarazona de la Mancha",Hispanic,Valenzuela,TercioValenzuelaRoybal@gustr.com,63,39.295918,-1.879676
male,Sulow1972,Ulldecona,Hispanic,Tamayo,HernandoTamayoZelaya@cuvox.de,52,40.611842,0.493555
male,Bervelp,Rois,Hispanic,Terrazas,GyorgyTerrazasLoya@superrito.com,69,42.776134,-8.641754
female,Painsty1974,"Galindo y Perahuy",Hispanic,Limón,ProserpinaLimonVanegas@jourrapide.com,50,40.882145,-5.782431
female,Ponerver,"Cervera de Buitrago",Hispanic,Reyna,AstraReynaTellez@teleworm.us,66,41.007975,-3.514663
male,Advaltepi,"El Pinar",Hispanic,Saavedra,CurcioSaavedraToledo@einrot.com,39,36.979954,-3.583773
female,Finiz1958,"Camarzana de Tera",Hispanic,González,LlancaGonzalezCamarillo@rhyta.com,66,41.92674,-6.016483
female,Comboden,Albaida,Hispanic,Ayala,MargaAyalaMelendez@jourrapide.com,71,38.94552,-0.583337
female,Proughat,"San Millán de la Cogolla",Hispanic,Escobedo,MarisaEscobedoEsparza@cuvox.de,39,42.485663,-2.823354
female,Wereeld,"la Vall d'Uixó",Hispanic,Oquendo,IratiOquendoHerrera@cuvox.de,76,39.812216,-0.201085
male,Wermell84,Armilla,Hispanic,Jurado,SebastenJuradoColunga@armyspy.com,40,37.053248,-3.559328
female,Olower,Ibias,Hispanic,Tapia,AniaTapiaMiramontes@rhyta.com,54,43.162274,-6.74388
male,Manto1973,Cortegana,Hispanic,Curiel,EvangelinoCurielTafoya@cuvox.de,51,37.893403,-6.717978
male,Ressell,Lerma,Hispanic,Llarnas,AristoclesLlarnasZamora@superrito.com,24,41.941609,-3.707465
male,Aniffeepull,Juviles,Hispanic,Correa,HartmanCorreaCandelaria@dayrep.com,30,36.888522,-3.173689
male,Ressat1972,Palafrugell,Hispanic,Villalpando,KenVillalpandoBernal@fleckens.hu,52,42.007672,3.188466
female,Succans,Parla,Hispanic,Verduzco,RuthVerduzcoCamarillo@fleckens.hu,50,40.173308,-3.780075
male,Waallovar,Ordes,Hispanic,Alonzo,AndresAlonzoMora@gustr.com,26,43.043656,-7.935012
female,Sidlits,"Villanueva del Trabuco",Hispanic,Altamirano,LeonilaAltamiranoRocha@einrot.com,60,37.115465,-4.294154
male,Froweed,Valdelacasa,Hispanic,Montano,NathanMontanoCeja@fleckens.hu,65,40.492469,-5.69128
female,Brephe,Alcorisa,Hispanic,Vanegas,MariselVanegasCastellanos@gustr.com,24,40.79768,-0.371082
female,Harded,Atarfe,Hispanic,Madera,HildeMaderaRobles@dayrep.com,63,37.30878,-3.653508
male,Liested,"Los Blázquez",Hispanic,Padrón,AdelmarPadronTejada@rhyta.com,30,38.340907,-5.281774
female,Thals1964,Chóvar,Hispanic,Vela,BahiaVelaZavala@jourrapide.com,60,39.87703,-0.283955
male,Greasse,"Torrejón de Ardoz",Hispanic,Meza,CataldoMezaSuarez@jourrapide.com,42,40.480751,-3.475806
female,Stoult,Rute,Hispanic,Zavala,PalmiraZavalaSegura@cuvox.de,37,37.345642,-4.412585
female,Dencloge1967,Altafulla,Hispanic,Venegas,DeyaniraVenegasArroyo@cuvox.de,57,41.138039,1.411266
male,Dillaccithe,Lezuza,Hispanic,Ordóñez,PolifemoOrdonezCastro@armyspy.com,48,39.049906,-2.361818
male,Boun1958,"Puebla del Príncipe",Hispanic,Urrútia,HeldoUrrutiaFigueroa@teleworm.us,66,38.627728,-2.877245
female,Salothe,Olza,Hispanic,Zaragoza,WereburgaZaragozaGarcia@teleworm.us,73,42.782837,-1.762221
male,Scall1980,Pedrera,Hispanic,Gómez,AmableGomezSalas@cuvox.de,44,37.277403,-4.959945
female,Forall,"Cumbres de San Bartolomé",Hispanic,Meza,VirnaMezaLoya@rhyta.com,46,37.992665,-6.75292
female,Momparbeft,"Villa del Río",Hispanic,Dávila,JesusaDavilaLoera@fleckens.hu,26,37.967994,-4.186357
female,Pladery,Paterna,Hispanic,Camacho,SurayCamachoRuvalcaba@gustr.com,64,39.554171,-0.469704
male,Horpostiated61,"El Cubo de Don Sancho",Hispanic,Solano,HabibSolanoCalderon@teleworm.us,62,40.85203,-6.430438
male,Anchas,Espeja,Hispanic,Cedillo,LiberatoCedilloVaca@einrot.com,71,40.743729,-6.458278
female,Twen1997,Antas,Hispanic,Ulibarri,HenedinaUlibarriTeran@armyspy.com,27,37.175145,-1.874123
female,Kintempen,Barbastro,Hispanic,Betancourt,DivaBetancourtChapa@gustr.com,60,42.103701,0.078572
male,Thimpturaw1973,Astudillo,Hispanic,Chacón,FedroChaconLedesma@jourrapide.com,51,42.162898,-4.312439
female,Letry1988,"Cortes de Baza",Hispanic,Quiroz,AnaliaQuirozCadena@gustr.com,36,37.865295,-3.173684
male,Uporthe,"Baños de la Encina",Hispanic,Posada,LadioPosadaPizarro@einrot.com,47,38.123072,-3.683849
female,Lilly1966,Algueña,Hispanic,Hernádez,MennaHernadezGalindo@cuvox.de,58,38.238815,-1.04348
male,Wardly2001,Albuñán,Hispanic,Dávila,OrangelDavilaPadilla@fleckens.hu,23,37.216231,-3.17642
female,Parge1974,"Cuarte de Huerva",Hispanic,Mesa,SashaMesaLeiva@rhyta.com,50,41.529428,-1.014723
male,Degainge,Baza,Hispanic,Quintanilla,BenedictoQuintanillaFajardo@teleworm.us,42,37.397956,-2.829433
female,Thosed,Cospeito,Hispanic,Rosado,PancraciaRosadoVasquez@superrito.com,30,43.174471,-7.517326
female,Scul1985,"les Coves de Vinromà",Hispanic,Uribe,IsmeniaUribeMeraz@jourrapide.com,39,40.314138,0.193983
female,Derapt,Navales,Hispanic,Martínez,CalanitMartinezArmas@gustr.com,49,40.773877,-5.439692
male,Strel1976,"Villa del Prado",Hispanic,Cerda,LaureanoCerdaVallejo@gustr.com,48,40.201846,-4.379236
male,Ason2005,Vallirana,Hispanic,Espino,PlacidoEspinoVargas@fleckens.hu,19,41.413304,1.956947
female,Suaid1978,Cártama,Hispanic,Negrete,MargotNegreteToro@superrito.com,46,37.016383,-4.534518
male,Shmes1993,"Horcajo Medianero",Hispanic,Soliz,AladinoSolizOrdonez@armyspy.com,31,40.54355,-5.301515
female,Hoom1947,"A Peroxa",Hispanic,Figueroa,ValdradaFigueroaNevarez@einrot.com,77,42.542057,-7.794417
female,Vioneet,Betancuria,Hispanic,Farías,CintiaFariasEstrada@cuvox.de,42,28.478721,-14.045168
male,Ounkee,Finestrat,Hispanic,Juárez,AmelioJuarezSalas@einrot.com,43,38.568113,-0.141813
male,Hoult1950,"San Juan de Alicante",Hispanic,Regalado,AyrtonRegaladoSoliz@gustr.com,74,38.448797,-0.413752
male,Niedid,Cáñar,Hispanic,Rivero,PompilioRiveroAnguiano@dayrep.com,58,37.029773,-3.428046
male,Sistind,"Villanueva de la Serena",Hispanic,Olivárez,MenajemOlivarezCasarez@cuvox.de,21,39.022551,-5.812885
male,Ketter,Puntallana,Hispanic,Benavides,MaurizioBenavidesSerrato@cuvox.de,69,28.783563,-17.810176
male,Chress,Beneixama,Hispanic,Roque,JeremiahRoqueArmendariz@fleckens.hu,52,38.68695,-0.758378
female,Theyeop,Orxeta,Hispanic,Banda,LucindaBandaSoliz@rhyta.com,30,38.692285,-0.014085
male,Whamen,Artziniega,Hispanic,Feliciano,SamFelicianoVallejo@rhyta.com,30,43.156976,-3.110906
male,BoyÃ©,Montblanc,Hispanic,Olivas,MarcelloOlivasMojica@superrito.com,63,41.282071,1.088067
male,Hatter,Arraia-Maeztu,Hispanic,Puga,DidimoPugaYanez@einrot.com,52,42.821538,-2.516121
female,Amituchens70,"Santa Eugènia",Hispanic,Padilla,AlcmenaPadillaSanabria@gustr.com,54,39.518576,2.822839
male,Ourich,"Alba de Yeltes",Hispanic,Segovia,HermelandoSegoviaUlibarri@einrot.com,64,40.743109,-6.402177
male,Judianob,"Villanueva del Campo",Hispanic,Vasquez,NahuelVasquezJasso@teleworm.us,25,41.916129,-5.443185
male,Looke1956,"Cañete de las Torres",Hispanic,Tamez,AriTamezBriseno@jourrapide.com,68,37.825081,-4.401968
female,Bardecome,Laracha,Hispanic,Lebrón,RosalinaLebronCarranza@rhyta.com,30,43.629109,-7.771049
female,Treas1967,"La Selva del Camp",Hispanic,Hernádez,LeontinaHernadezGaitan@armyspy.com,56,41.227946,1.060943
male,Pailikey,Olot,Hispanic,Chávez,LeucoChavezCaraballo@einrot.com,64,42.094506,2.422078
male,Deasind,"Torre del Campo",Hispanic,Trejo,ArgeoTrejoNevarez@superrito.com,72,37.861793,-3.824516
female,Larmod,Pedrola,Hispanic,Elizondo,MirtaElizondoCantu@jourrapide.com,48,41.853357,-1.195406
female,Unding,Lanaja,Hispanic,Comejo,LlanqueComejoEspinosa@cuvox.de,47,41.785906,-0.350327
female,Befulaust,Crecente,Hispanic,Batista,OvidiaBatistaLira@superrito.com,22,42.24965,-8.311198
male,Dinge1962,Mojados,Hispanic,Collazo,AmantziCollazoDominguez@cuvox.de,61,41.530014,-4.720927
female,Hinew1992,Garafía,Hispanic,Chacón,GencianaChaconMontes@jourrapide.com,32,28.721762,-18.010189
male,Hisch1963,Brión,Hispanic,Armenta,QuiricoArmentaMontez@armyspy.com,61,42.918767,-8.365558
male,Sifeenchall,Montefrío,Hispanic,Vera,LanfrancoVeraFigueroa@dayrep.com,30,37.393755,-3.991379
male,Havernamed,"Camarma de Esteruelas",Hispanic,Tello,PeriandroTelloValle@superrito.com,53,40.552409,-3.373461
male,Stak1983,Gandia,Hispanic,Barrientos,YosefBarrientosSerrato@gustr.com,41,38.911969,-0.278389
male,Prot1971,"Peñamellera Baja",Hispanic,Segura,WenzelSeguraVelez@gustr.com,52,43.394094,-4.567842
female,Friess,Laxe,Hispanic,Armas,AstreaArmasZayas@superrito.com,28,43.299289,-8.768009
female,Didliverse,Benahavís,Hispanic,Navarro,GiselNavarroMartinez@cuvox.de,62,36.481315,-5.109661
male,Mormis,"Puerto de la Cruz",Hispanic,Amador,SalvianoAmadorSierra@teleworm.us,64,28.435549,-16.633106
male,Shooth,"Villanueva de San Juan",Hispanic,Luevano,OswaldLuevanoOlivares@jourrapide.com,21,36.980022,-5.191979
male,Reptupose,"Florida de Liébana",Hispanic,Santillán,GaxanSantillanBurgos@teleworm.us,63,41.011906,-5.66728
female,Poine1967,Tobía,Hispanic,Loya,NydiaLoyaCorral@einrot.com,57,42.309154,-2.818561
male,Otelestally,Masueco,Hispanic,Galindo,RafelGalindoCantu@rhyta.com,63,41.165446,-6.617713
female,Fachad1974,Lorca,Hispanic,Medrano,TroyaMedranoAtencio@fleckens.hu,50,37.676808,-1.784196
male,Witche1973,Madrigueras,Hispanic,Hernández,RandolfoHernandezCrespo@gustr.com,51,39.141785,-1.779528
male,Meir1956,Boimorto,Hispanic,Zúñiga,DionZunigaCasarez@teleworm.us,68,43.106303,-8.069873
female,Formiscrad,"Puebla de Azaba",Hispanic,Ferrer,DavinaFerrerArchuleta@fleckens.hu,36,40.382392,-6.763992
male,Fifor1949,"Soto del Real",Hispanic,Carrasco,GunterCarrascoSolis@gustr.com,75,40.644475,-3.655234
female,Entriank,Calonge,Hispanic,Pacheco,SenaidaPachecoCuellar@jourrapide.com,72,42.017229,3.129402
male,Tholsolot,"Los Palacios y Villafranca",Hispanic,Benavidez,AnastasioBenavidezLopez@einrot.com,36,37.25581,-5.937455
male,Didess,Quiroga,Hispanic,Viera,EboVieraGamez@dayrep.com,19,42.558933,-7.195022
female,Glaimfor,Lújar,Hispanic,Alcantar,KatjaAlcantarFeliciano@teleworm.us,46,36.697928,-3.460262
male,Hortilly,Pradoluengo,Hispanic,Roque,FederigoRoqueGranado@teleworm.us,50,42.390599,-3.184355
male,Bervelp,Amorebieta-Etxano,Hispanic,Vanegas,EmilioVanegasMireles@rhyta.com,49,43.211157,-2.687612
female,Romfor,"Villalba del Alcor",Hispanic,Quiñónez,ErinaQuinonezGaribay@fleckens.hu,21,37.438432,-6.483096
male,Contret,"Villanueva de Cameros",Hispanic,Preciado,MelecioPreciadoZepeda@cuvox.de,45,42.265357,-2.585642
female,Unter1984,Lentegí,Hispanic,Esparza,MaidaEsparzaOlivares@fleckens.hu,40,36.840943,-3.720039
female,Theaverpre,Suances,Hispanic,Escobedo,NubiaEscobedoDominguez@gustr.com,25,43.353393,-4.091945
female,Thersen,"San Muñoz",Hispanic,Colunga,LorisColungaValladares@gustr.com,36,40.713387,-6.219775
female,Glifer1975,"Alcolea de Calatrava",Hispanic,Aguilar,MiyenAguilarCarbajal@dayrep.com,49,39.012102,-4.108559
male,Witers,Galende,Hispanic,Cavazos,AlejoCavazosCastaneda@armyspy.com,76,42.195717,-6.707874
male,Buthich,Pedrera,Hispanic,Barrios,BaldwinBarriosConcepcion@superrito.com,38,37.22793,-4.933054
female,Terettly1975,"San José del Valle",Hispanic,Bonilla,MathildaBonillaTijerina@fleckens.hu,49,36.777621,-6.14383
male,Hisaink,Arakaldo,Hispanic,Roque,MorrisRoqueBanuelos@cuvox.de,35,43.23891,-2.563782
female,Abings,Xàtiva,Hispanic,Laboy,AgnesLaboyLucio@einrot.com,64,38.929911,-0.532362
female,Thaddy,"Santa Coloma de Gramenet",Hispanic,Mojica,BasaMojicaFerrer@einrot.com,51,41.49567,2.261479
female,Squam1972,"Canillas de Abajo",Hispanic,Vera,CaterinaVeraPaz@superrito.com,52,40.960518,-5.874035
male,Thationfing,"San Cristóbal de la Cuesta",Hispanic,Ávalos,UlisesAvalosOrtiz@armyspy.com,61,41.012056,-5.709696
male,Coled1990,"Val do Dubra",Hispanic,Alarcón,DuncanAlarconCerda@superrito.com,34,43.028997,-8.594564
female,Reearly,"La Granjuela",Hispanic,Enríquez,GuinerveEnriquezCalderon@cuvox.de,72,38.455199,-5.282256
male,Chai1985,"Villanueva de San Juan",Hispanic,Árias,EdisonAriasBarraza@teleworm.us,39,37.084412,-5.103345
male,Hitiong,"Priego de Córdoba",Hispanic,Vergara,GiustoVergaraTorrez@superrito.com,50,37.559843,-4.334935
male,Thimpea,Foncea,Hispanic,Tórrez,CelerinoTorrezCervantes@armyspy.com,52,42.617838,-2.953464
female,Reartand,Fuensanta,Hispanic,Sisneros,YuncaSisnerosGuajardo@gustr.com,47,39.226958,-2.127204
female,Thipper,Simancas,Hispanic,Collazo,MaggieCollazoBenavidez@fleckens.hu,68,41.502742,-4.810106
female,Havind,"Vega de Pas",Hispanic,Mejía,AselaMejiaCollazo@rhyta.com,55,43.123329,-3.840906
male,Forprompary,Umbrete,Hispanic,Velázquez,JosiasVelazquezRojas@jourrapide.com,21,37.378058,-6.118367
male,Cluat1960,"Villalón de Campos",Hispanic,Palomo,EitanPalomoEstrada@rhyta.com,64,42.026044,-5.023966
male,Artirles,"Caracuel de Calatrava",Hispanic,Valladares,MilciadesValladaresCardona@fleckens.hu,65,38.823292,-4.119818
female,Scollwas,"Monforte de Lemos",Hispanic,Perea,IsidoraPereaHenriquez@rhyta.com,59,42.528432,-7.65974
female,Leong1970,"San Bartolomé de Tirajana",Hispanic,Duarte,FiammaDuarteNegrete@einrot.com,54,28.01257,-15.39353
female,Spery1986,Curtis,Hispanic,Castaneda,SonsolesCastanedaJaquez@rhyta.com,38,43.032152,-8.191237
female,Aggland,"Santa María de Cayón",Hispanic,Canales,FrancescaCanalesFernandez@rhyta.com,77,43.378486,-3.909192
male,Tremen,Férez,Hispanic,Caballero,MaurizioCaballeroGranados@dayrep.com,71,38.430232,-2.071454
male,Manowild,Catarroja,Hispanic,Rodarte,ManzurRodarteTamez@rhyta.com,34,39.398479,-0.418889
female,Prill1983,Tírig,Hispanic,Munguia,GiannaMunguiaLira@teleworm.us,41,40.355582,0.167922
male,Hients1989,Esteribar,Hispanic,Mascarenas,NisimMascarenasValadez@rhyta.com,35,42.876447,-1.461704
male,Willeggess,Tocina,Hispanic,Longoria,DaniloLongoriaQuinones@dayrep.com,60,37.565243,-5.774854
female,Famenig,Aretxabaleta,Hispanic,Valles,YoanaVallesUrrutia@cuvox.de,22,43.020127,-2.449808
male,Cinceres,"Sanlúcar la Mayor",Hispanic,Valdez,FariolValdezAbeyta@dayrep.com,31,37.414288,-6.134315
male,Propen,Andoain,Hispanic,Beltrán,NazarBeltranAlcaraz@rhyta.com,48,43.262873,-1.936771
female,Baboarelike,"A Veiga",Hispanic,Urrútia,MainqueUrrutiaMena@einrot.com,51,42.269612,-7.088956
male,Teforning,Guaro,Hispanic,Marín,EzioMarinAparicio@rhyta.com,28,36.711915,-4.822252
male,Humbeart,"San Cibrao das Viñas",Hispanic,Malave,LeoneloMalaveCastaneda@jourrapide.com,23,42.259169,-7.81521
female,Bobstine78,"Castilblanco de los Arroyos",Hispanic,Tijerina,AgarTijerinaMena@gustr.com,46,37.651737,-6.00702
male,Caresind66,Zuia,Hispanic,Arce,YvesArceMadera@dayrep.com,57,42.931369,-2.730347
male,Septan,Hermigua,Hispanic,Escamilla,BoleslaoEscamillaPineda@dayrep.com,33,28.1537,-17.185905
male,Ineclovent77,Getxo,Hispanic,Caballero,SisebutoCaballeroLara@dayrep.com,47,43.409312,-3.083929
female,Woughts,"El Guijo",Hispanic,Samaniego,SharonSamaniegoGranado@einrot.com,20,38.472791,-4.785139
male,Witeres,"Aranda de Duero",Hispanic,Alicea,AdemaroAliceaCastillo@einrot.com,46,41.705978,-3.670573
female,Wime1991,"Aldeadávila de la Ribera",Hispanic,Betancourt,ShasaBetancourtOcampo@einrot.com,33,41.208377,-6.552011
female,Thouree,Carlet,Hispanic,Villalobos,ConsolacionVillalobosGaona@armyspy.com,39,39.310216,-0.520206
male,Olcury,"Vandellòs i l'Hospitalet de l'Infant",Hispanic,Velázquez,NatalVelazquezFernandez@jourrapide.com,63,40.978007,0.877954
male,Excied62,"Horcajo de Montemayor",Hispanic,Malave,DulasMalaveTrejo@einrot.com,62,40.404718,-6.028191
female,Exures,Torás,Hispanic,Fonseca,HeldaFonsecaGodinez@jourrapide.com,41,39.961197,-0.779595
female,Minsou,Elorrio,Hispanic,Avilés,GiuniaAvilesConcepcion@einrot.com,61,43.067332,-2.549962
female,Hantic,Escatrón,Hispanic,Puga,FarisaPugaRivero@jourrapide.com,22,41.203433,-0.310601
female,Foubjecand,"La Sagrada",Hispanic,Rojo,NicolasaRojoBallesteros@einrot.com,37,41.167972,-6.056107
male,Pributamon,"Anaya de Alba",Hispanic,Carrera,GaxanCarreraLucero@gustr.com,32,40.747543,-5.411694
female,Winfievanded,Quiroga,Hispanic,Escobar,ZafiroEscobarMiramontes@gustr.com,74,42.566807,-7.306141
female,Mileave,Grañón,Hispanic,Mares,CosetteMaresMatos@superrito.com,60,42.36956,-3.104626
male,Twoulted,Coín,Hispanic,Gonzales,MeurisGonzalesBalderas@einrot.com,27,36.730242,-4.806353
female,Woreuthe,"Frades de la Sierra",Hispanic,Escamilla,EddaEscamillaAlcantar@superrito.com,23,40.580128,-5.71918
female,Andin1981,"La Fregeneda",Hispanic,Suárez,MarineSuarezAlicea@armyspy.com,42,40.952959,-6.804641
female,Thicas91,Mequinenza,Hispanic,Sauceda,CintiaSaucedaTello@einrot.com,33,41.385555,0.294173
female,Anighbold,Valdemadera,Hispanic,Argüello,SinforosaArguelloAlcala@armyspy.com,42,42.071688,-2.007214
male,Satione,Súria,Hispanic,Pantoja,LearcoPantojaOrtega@dayrep.com,44,41.931061,1.722732
male,Orrut1965,Iznatoraf,Hispanic,Montano,CrescencioMontanoCaban@cuvox.de,59,38.156991,-3.043344
male,Waintly,"Formentera del Segura",Hispanic,Puente,NadirPuenteGamez@fleckens.hu,29,38.063234,-0.751547
female,Shice1971,Galinduste,Hispanic,Cepeda,ChloeCepedaPulido@dayrep.com,53,40.671058,-5.484725
female,Agnumpting,Villaflores,Hispanic,Pena,OnellaPenaResendez@armyspy.com,69,40.992621,-5.328134
female,Thosee,"Puebla de Yeltes",Hispanic,Caraballo,BertildaCaraballoCastaneda@fleckens.hu,21,40.688111,-6.133557
male,Yougailes,Firgas,Hispanic,Briseño,AlaorBrisenoFigueroa@jourrapide.com,41,28.215719,-15.431101
male,Cartiong1966,Crevillente,Hispanic,Alva,FaustAlvaMadera@einrot.com,58,38.191841,-0.887799
female,Aske2004,Villarejo,Hispanic,Cazares,GalitCazaresMontano@teleworm.us,20,42.44065,-2.980088
female,Hurets,Vilalba,Hispanic,Medina,MarcelianaMedinaTejada@fleckens.hu,66,43.392441,-7.699877
female,Mility03,Lodosa,Hispanic,Orosco,ElioraOroscoSalas@teleworm.us,21,42.356983,-2.015376
male,Lievaight61,"Arenzana de Arriba",Hispanic,Navarro,MorfeoNavarroJuarez@dayrep.com,63,42.345523,-2.776892
male,Thingaing1948,"San Sebastián de los Ballesteros",Hispanic,Lomeli,MenquiLomeliLucio@fleckens.hu,76,37.62248,-4.881937
female,Thilove64,Bermellar,Hispanic,Carrero,AscensionCarreroPosada@gustr.com,60,40.903608,-6.596015
female,Hamprat,Pozo-Lorente,Hispanic,Villa,NeftaliVillaCastro@armyspy.com,70,39.107147,-1.502637
male,Hishencon,Figueroles,Hispanic,Nieves,SalustioNievesBueno@dayrep.com,71,40.172596,-0.283435
male,Actemend1980,Guijuelo,Hispanic,Ulloa,AlsanUlloaPeres@armyspy.com,44,40.499347,-5.765734
male,Wercusittoon,Mojácar,Hispanic,Trujillo,DidimoTrujilloPrieto@armyspy.com,20,37.225198,-1.800912
male,Miletalos,Elduain,Hispanic,Lozano,LanfrancoLozanoRoque@fleckens.hu,29,43.222043,-2.087555
female,Supormor,Ponte-Caldelas,Hispanic,Armijo,LizieArmijoTrevino@einrot.com,44,28.220866,-15.513249
male,Houblive,Ataun,Hispanic,Robles,UlpioRoblesCarrasco@cuvox.de,73,42.989517,-2.055481
female,Coursentand81,Solsona,Hispanic,Viera,BalbinaVieraPedroza@teleworm.us,43,41.883808,1.46655
female,Himant,"O Saviñao",Hispanic,Villanueva,NominandaVillanuevaPorras@fleckens.hu,64,42.585332,-7.69417
male,Stuaque,Galinduste,Hispanic,Sepúlveda,BorisSepulvedaRomo@dayrep.com,48,40.692902,-5.539701
female,Fortiough,Torreblanca,Hispanic,Ramos,SashaRamosAlva@rhyta.com,22,40.166486,0.168652
male,Shooke,Malagón,Hispanic,Tejada,KussiTejadaBecerra@rhyta.com,65,39.150378,-3.89715
female,Butionatte1966,Ajangiz,Hispanic,Díaz,LeonoraDiazZayas@cuvox.de,58,43.288923,-2.737472
female,Theoplad,Chillón,Hispanic,Medrano,AleMedranoHernandes@armyspy.com,61,38.820244,-4.929383
male,Millas,"La Vellés",Hispanic,Badillo,NilsBadilloGaray@armyspy.com,36,40.982773,-5.650381
male,Seling,"Vall de Almonacid",Hispanic,Centeno,HeraldoCentenoVelasco@gustr.com,68,39.837127,-0.401143
female,Frouninclues,"Castro del Río",Hispanic,Samaniego,PiaSamaniegoRendon@rhyta.com,76,37.586436,-4.455548
male,Senguen,Utrera,Hispanic,Covarrubias,LuvencioCovarrubiasCalvillo@cuvox.de,21,37.284389,-5.859393
female,Alles1994,Artana,Hispanic,Terrazas,DeonildeTerrazasPerea@cuvox.de,30,39.814597,-0.153547
female,Wasion,"San Javier",Hispanic,Escobar,VenanciaEscobarEstevez@rhyta.com,64,37.754169,-0.880205
male,Wortill,Almendralejo,Hispanic,Gonzales,LaloGonzalesLeal@rhyta.com,69,38.599763,-6.314656
female,Goiderink,Torrox,Hispanic,Quesada,SultanaQuesadaHernadez@rhyta.com,71,36.705291,-3.959607
male,Shorce1977,Pelarrodríguez,Hispanic,Miranda,BinghamMirandaSanches@superrito.com,47,40.871734,-6.26258
male,Comforse,Leganés,Hispanic,Guerra,IsidreGuerraUlibarri@einrot.com,77,40.356299,-3.770574
female,Hatrance,Villaralto,Hispanic,Godoy,EsperanceGodoyGallegos@gustr.com,67,38.44777,-5.058745
male,Pliked,"El Burgo de Ebro",Hispanic,Raya,AradorRayaPosada@armyspy.com,39,41.637546,-0.777421
female,Wenscipt,"Guadalix de la Sierra",Hispanic,Heredia,EthelHerediaBatista@fleckens.hu,43,40.720499,-3.721162
female,Skencle1973,Mieres,Hispanic,Espinal,EncarnaEspinalVarela@rhyta.com,51,43.228709,-5.798127
male,Wheirlit,"Herguijuela de la Sierra",Hispanic,Chacón,VictorChaconGrijalva@rhyta.com,23,40.526531,-6.063738
male,Folend,Navalpino,Hispanic,Munguia,EscolasticoMunguiaEspinoza@fleckens.hu,21,39.31317,-4.555807
female,Thoo1971,"Valle de Elorz Noáin",Hispanic,Dueñas,AnelidaDuenasSalas@jourrapide.com,53,42.817463,-1.617792
female,Thousionced,"Castro Caldelas",Hispanic,Flores,SigridFloresSierra@rhyta.com,75,42.294995,-7.473596
male,Camain,Vilasantar,Hispanic,Quiroz,GarrisonQuirozOsorio@dayrep.com,61,43.351508,-8.218545
male,Hacheres,"Cervera de Pisuerga",Hispanic,Reyna,LicioReynaAlvarez@dayrep.com,53,42.858442,-4.410608
female,Cerecrever92,Cariñena,Hispanic,Uribe,RossUribeRoque@teleworm.us,32,41.370851,-1.257314
male,Whatrold,"El Redal",Hispanic,Marín,QuimeyMarinPaez@superrito.com,55,42.289593,-2.118184
male,Memered,Negreira,Hispanic,Rivera,RogerioRiveraMeza@gustr.com,44,42.938772,-8.788316
female,Wartn2005,"Becerril de Campos",Hispanic,Rosario,ScarlettRosarioSegovia@fleckens.hu,19,42.197592,-4.473375
female,Buls1948,"l' Alqueria d'Asnar",Hispanic,Tamayo,CoraliaTamayoPuga@fleckens.hu,76,38.686292,-0.501237
male,Notheited47,Aín,Hispanic,Meraz,PaskasiMerazBravo@superrito.com,77,39.995883,-0.342276
female,Fuldebou58,Arzúa,Hispanic,Meraz,MaryMerazSedillo@fleckens.hu,66,42.963511,-8.127042
female,Penisch47,Cidamón,Hispanic,Guerrero,TaisGuerreroGaona@teleworm.us,77,42.453915,-2.931471
male,Supoor,Miajadas,Hispanic,Mayonga,AmirMayongaVeliz@fleckens.hu,31,39.219218,-5.992828
female,Wayed1965,Ágreda,Hispanic,Madera,AkemiMaderaJurado@superrito.com,59,41.844751,-1.973273
female,Perearged,Casafranca,Hispanic,Ochoa,KaremOchoaIbarra@teleworm.us,43,40.631049,-5.809977
female,Upits1973,"Los Cortijos",Hispanic,Ramírez,ZillaRamirezAlicea@einrot.com,51,39.216433,-4.139444
male,Elons1958,Ikaztegieta,Hispanic,Fuentes,NazarioFuentesResendez@dayrep.com,66,43.048482,-2.151031
male,Wintonsts,"Fuente de Cantos",Hispanic,León,LauroLeonSolorzano@gustr.com,32,38.298676,-6.332322
female,Vocassithand89,"Villaverde de Guadalimar",Hispanic,Collado,SelmaColladoIbarra@einrot.com,35,38.427554,-2.575463
male,Nonvize1948,Trigueros,Hispanic,Fajardo,MichelFajardoSalcido@cuvox.de,75,37.285134,-6.921266
male,Pule1963,Cox,Hispanic,Barragán,DustinBarraganBlanco@teleworm.us,61,38.154105,-0.962906
female,Ansered,"Cervera de Pisuerga",Hispanic,Cruz,AmapolaCruzCarranza@jourrapide.com,57,42.88207,-4.519138
male,Younithe,"Carpio de Azaba",Hispanic,Salcedo,ReneSalcedoBorrego@gustr.com,31,40.508832,-6.676132
male,Answert87,Ulea,Hispanic,Botello,NeyenBotelloOlivera@superrito.com,37,38.217892,-1.271993
female,Thic1975,"Don Benito",Hispanic,Navarrete,AbraNavarreteUlloa@dayrep.com,49,38.977381,-5.804941
male,Whosiong,"Villanueva del Duque",Hispanic,Urena,FilademoUrenaMuro@dayrep.com,28,38.345718,-4.997166
female,Thadespecte,Fuentealbilla,Hispanic,Cotto,DaphneCottoVenegas@fleckens.hu,45,39.258055,-1.58343
female,Itell1979,Jabalquinto,Hispanic,Acosta,CoraliaAcostaAnaya@superrito.com,45,38.061452,-3.70502
male,Takint,"San Cibrao das Viñas",Hispanic,Murillo,YaguatiMurilloEsparza@dayrep.com,69,42.193215,-7.78646
female,Hatin1957,"Nuevo Baztán",Hispanic,Leyva,ElalLeyvaSaenz@fleckens.hu,67,40.37473,-3.247504
female,Wisess,"Albalate de Cinca",Hispanic,Pabón,YasminaPabonValdivia@rhyta.com,47,41.735122,0.178704
female,Heord1965,Cózar,Hispanic,León,BeggaLeonBadillo@einrot.com,59,38.696096,-3.043228
male,Trin1961,Cullera,Hispanic,Ochoa,DagobertoOchoaOlivo@superrito.com,63,39.232894,-0.293694
female,Poseept,"Campo Lameiro",Hispanic,Hernández,LaodiceaHernandezValverde@superrito.com,63,42.624409,-8.493112
male,Lour1987,Híjar,Hispanic,Candelaria,VivianoCandelariaTijerina@gustr.com,37,41.114087,-0.432783
female,Froor1989,Cáñar,Hispanic,Lozano,NeusLozanoAmaya@superrito.com,35,36.852459,-3.404392
female,Bargeres1995,"Calvarrasa de Abajo",Hispanic,Linares,LilLinaresVillegas@jourrapide.com,29,40.883792,-5.670988
female,Cocruch,"Paracuellos de Jarama",Hispanic,Ríos,VivianRiosLoera@jourrapide.com,33,40.451823,-3.492429
female,Conet1963,"Nava de Francia",Hispanic,Velasco,TarsiciaVelascoLongoria@superrito.com,61,40.598333,-6.207783
male,Foolity,Ramirás,Hispanic,Zavala,HyginZavalaFuentes@armyspy.com,25,42.187585,-8.381027
female,Welle1974,Hermigua,Hispanic,Carrasquill,AyelenCarrasquillLaureano@gustr.com,50,28.230254,-17.197717
male,Wifear,Abla,Hispanic,Corona,CananCoronaQuiroz@gustr.com,61,37.181217,-2.799619
female,Fourpried,"Puerto Serrano",Hispanic,Cantú,RomanelaCantuParra@fleckens.hu,32,37.03305,-5.524544
female,Penig1968,Laukiz,Hispanic,Razo,YocondaRazoSotelo@superrito.com,56,43.253516,-2.799569
male,Majesigh,Beniel,Hispanic,Chavarría,HenochChavarriaAlaniz@cuvox.de,41,38.028048,-0.929248
male,Cargay1948,Jun,Hispanic,Argüello,MamertoArguelloSaldana@rhyta.com,75,37.287761,-3.626516
female,Hiself79,Penàguila,Hispanic,Zamora,GiseldaZamoraRael@einrot.com,45,38.612207,-0.292187
female,Thicat56,"El Saucejo",Hispanic,Baca,HeloisaBacaValdivia@cuvox.de,68,37.154263,-5.021118
female,Damen1948,Degaña,Hispanic,Márquez,FloramariaMarquezVaca@jourrapide.com,76,42.965643,-6.780609
female,Hiscambeste,"Salceda de Caselas",Hispanic,Merino,NancyMerinoRodriguez@gustr.com,59,42.492113,-8.799392
female,Imesers,Rábade,Hispanic,Segovia,JoaquinaSegoviaBallesteros@cuvox.de,37,43.182748,-7.848211
male,Thentlen,Fisterra,Hispanic,Rincón,TimoteoRinconMontes@jourrapide.com,24,43.291565,-8.323771
male,Darday,"A Baña",Hispanic,Lerma,BennieLermaLuevano@einrot.com,50,42.809646,-8.33957
female,Ling1959,Melón,Hispanic,Montenegro,MercyMontenegroGaitan@armyspy.com,65,42.21744,-8.206742
female,Weentim,Plasencia,Hispanic,Almaraz,HermioneAlmarazMiranda@teleworm.us,40,40.020813,-5.988103
female,Factiven,"Las Pedroñeras",Hispanic,Callas,LienCallasArevalo@cuvox.de,64,39.489759,-2.674939
male,Olesest,Valdemorillo,Hispanic,Toro,ValderramaToroRamon@dayrep.com,35,40.587916,-4.149259
female,Halique,"Puebla del Príncipe",Hispanic,Vallejo,BrendaVallejoFlorez@gustr.com,48,38.609689,-2.872926
male,Foustion,"La Recueja",Hispanic,León,PrimoLeonPeralta@fleckens.hu,36,39.265926,-1.646557
female,Younarright,Altzaga,Hispanic,Ulloa,SenaidaUlloaPacheco@fleckens.hu,69,43.055402,-2.205839
female,Maligning,Villaralto,Hispanic,Alcaraz,EdelmiraAlcarazEsquibel@superrito.com,52,38.409778,-5.056548
female,Sition,Ourense,Hispanic,Laboy,AleksandraLaboyBustos@teleworm.us,50,42.288592,-7.919779
male,Crist1974,"Llorenç del Penedès",Hispanic,Ramón,FlavianoRamonSosa@jourrapide.com,50,41.200342,1.476396
female,Relp1948,"Villa del Prado",Hispanic,Benavidez,AranduBenavidezTovar@superrito.com,76,40.361209,-4.318826
female,Whimed1950,"San Pelayo de Guareña",Hispanic,Morales,MimiMoralesAguirre@armyspy.com,74,41.164218,-5.658033
female,Thentailled,Peligros,Hispanic,Rivas,SolanaRivasOjeda@fleckens.hu,47,37.222527,-3.601964
male,Stooks,Fuencaliente,Hispanic,Alanis,TeofiloAlanisLedesma@jourrapide.com,19,39.255989,-4.092501
male,Goinat,Zurgena,Hispanic,Maya,ElliotMayaManzanares@rhyta.com,41,37.356784,-1.936131
male,Dameter,Moratalla,Hispanic,Acevedo,YrkoAcevedoTello@superrito.com,44,38.154325,-1.78712
male,Breventowne,Mondariz-Balneario,Hispanic,Noriega,BrandonNoriegaCaballero@teleworm.us,42,42.313263,-8.440988
male,Givell,Morella,Hispanic,Trujillo,AmadoeTrujilloLozada@jourrapide.com,26,40.545115,-0.12682
female,Golould,Santiz,Hispanic,Patino,GalilahPatinoFarias@dayrep.com,45,41.264702,-5.861636
female,Shice1978,"San Muñoz",Hispanic,Candelaria,EliaCandelariaFernandez@rhyta.com,45,40.796172,-6.238522
male,Shush1962,Aledo,Hispanic,Betancourt,AmmianoBetancourtRodrigez@dayrep.com,62,37.803969,-1.540999
male,Blit2005,Villabona,Hispanic,Ibarra,OctavianoIbarraReyna@rhyta.com,19,43.33017,-1.964695
male,Walouteemper,"Vilariño de Conso",Hispanic,Amador,TehuelAmadorPuente@teleworm.us,54,42.112332,-7.108456
male,Froate,Higueruela,Hispanic,Romo,LauroRomoGalindo@fleckens.hu,49,38.928962,-1.374031
female,Allond,"Villalobar de Rioja",Hispanic,Ocampo,LarisaOcampoFajardo@superrito.com,43,42.552675,-3.033412
male,Herfoust,Barbate,Hispanic,Fierro,TomeFierroBanda@jourrapide.com,45,36.211832,-5.841312
male,Conar1986,Jamilena,Hispanic,Tovar,ZenzoTovarArmas@armyspy.com,37,37.781955,-3.966266
male,Givename,Taboadela,Hispanic,Adame,WernerAdameMuniz@dayrep.com,20,42.196197,-7.758638
male,Drent1984,Montejo,Hispanic,Carrera,MichaelCarreraCruz@cuvox.de,40,40.600514,-5.610572
male,Timust,Vilarmaior,Hispanic,Palomino,MarcialPalominoSaldivar@jourrapide.com,39,43.39631,-8.205857
male,Beesse,Trabanca,Hispanic,Tejada,RobertinoTejadaNunez@superrito.com,55,41.209372,-6.367496
male,Fingrifuread85,"Cúllar Vega",Hispanic,Olivares,RyderOlivaresRosado@fleckens.hu,39,37.243489,-3.635995
female,Agerce,Villores,Hispanic,Rosado,MahdiRosadoOcasio@jourrapide.com,72,40.818032,-0.188396
male,Anyinquity75,Sanchotello,Hispanic,Figueroa,HyginFigueroaPonce@teleworm.us,49,40.355328,-5.717556
female,Onegalk,"El Vendrell",Hispanic,Fuentes,ToscaFuentesMatos@superrito.com,28,41.315678,1.54549
male,Oustom1947,"Bollullos de la Mitación",Hispanic,Ruelas,StanislaoRuelasViera@cuvox.de,77,37.420963,-6.203672
male,Thimen,Artea,Hispanic,Brito,QuiricoBritoJasso@dayrep.com,67,43.119705,-2.778756
male,Wency2005,Itsasondo,Hispanic,Guillén,NahuelGuillenAbeyta@cuvox.de,19,43.090001,-2.199161
female,Hansorneve,Valdehijaderos,Hispanic,Campos,MariangelaCamposPantoja@einrot.com,34,40.458748,-5.771868
female,Incturban,"Villalba de Rioja",Hispanic,Urena,GailUrenaMiramontes@cuvox.de,71,42.575038,-2.911304
male,Expriamere96,"Almarza de Cameros",Hispanic,Ruvalcaba,NazarioRuvalcabaCuellar@jourrapide.com,27,42.159934,-2.632344
female,Resse1963,Sentmenat,Hispanic,Espinoza,CercaEspinozaUribe@cuvox.de,61,41.623642,2.17603
male,Cultalty,"Monterrubio de la Sierra",Hispanic,Gonzales,AlessandroGonzalesGodoy@gustr.com,70,40.738166,-5.735527
female,Brainitterem,Cocentaina,Hispanic,Lara,IsauraLaraMenendez@dayrep.com,61,38.953358,0.061329
female,Ancterionts,"Collado Villalba",Hispanic,Agosto,GladisAgostoCarrasco@teleworm.us,38,40.746004,-3.908419
female,Welf1983,"San Martín de Valdeiglesias",Hispanic,Rentería,GimenaRenteriaPeralta@fleckens.hu,41,40.255964,-4.363177
male,Noweli,Ea,Hispanic,Viera,PolifemoVieraOcampo@fleckens.hu,53,43.439222,-2.573954
female,Tung2002,Vic,Hispanic,Ordóñez,ClodoveaOrdonezMiranda@fleckens.hu,22,42.000476,2.256647
male,Tince1972,Albuñol,Hispanic,Benavides,BaudilioBenavidesMiranda@superrito.com,52,36.710628,-3.244402
male,Pontaide91,Olaberria,Hispanic,Candelaria,KokoCandelariaCardenas@fleckens.hu,33,43.025581,-2.261497
female,Difters,Lagunilla,Hispanic,Orosco,DorothyOroscoLedesma@teleworm.us,40,40.343118,-6.058099
female,Denjudd86,Betxí,Hispanic,Morales,DaraMoralesRubio@rhyta.com,38,39.853885,-0.288656
female,Whany1984,Grañón,Hispanic,Montero,ErinaMonteroMontero@dayrep.com,39,42.419594,-3.035433
male,Alaing,Lobras,Hispanic,Valencia,ApoloValenciaCarmona@cuvox.de,35,36.972068,-3.14866
female,Muckbithat,Ribatejada,Hispanic,Rosario,LiciaRosarioSantiago@einrot.com,62,40.609012,-3.444779
male,Theramer,Cazalilla,Hispanic,Pena,ClimenePenaAparicio@armyspy.com,57,38.016651,-3.8927
female,Spinhe,Cubelles,Hispanic,Raya,AshleyRayaPortillo@einrot.com,49,41.189369,1.614993
female,Sown1952,Trebujena,Hispanic,Santacruz,MakuSantacruzMota@teleworm.us,72,36.88985,-6.200576
female,Tinclan71,Valdepeñas,Hispanic,Trejo,JovianneTrejoLopez@gustr.com,53,38.695516,-3.389845
male,Conve1980,"A Cañiza",Hispanic,Canales,EsdrasCanalesContreras@gustr.com,44,42.121351,-8.304069
female,Thavat,Navarredonda,Hispanic,Alfaro,TaielAlfaroRosales@rhyta.com,24,41.04864,-3.611497
female,Luche2002,Tielmes,Hispanic,Balderas,AguedaBalderasBlanco@fleckens.hu,22,40.207422,-3.423722
female,Sheentaide,"Gallegos de Argañán",Hispanic,Santiago,AndresaSantiagoArmijo@superrito.com,76,41.01869,-5.708881
female,Bectinced,"Villahermosa del Río",Hispanic,Granados,JuanaGranadosMartinez@jourrapide.com,21,40.293244,-0.421691
male,Haterse,Nestares,Hispanic,Suárez,GersonSuarezVillalobos@fleckens.hu,40,42.193715,-2.576376
male,Thismity,Lodosa,Hispanic,Gastelum,CiceronGastelumParedes@dayrep.com,46,42.407346,-2.178748
male,Pernedge,Villaflores,Hispanic,Arroyo,PonceArroyoSepulveda@superrito.com,46,41.151769,-5.230267
female,Faren1963,"Priego de Córdoba",Hispanic,Fernández,ToscaFernandezSauceda@cuvox.de,61,37.484072,-4.236163
female,Thust1952,Sarria,Hispanic,Macías,EtelMaciasLucio@teleworm.us,72,42.850719,-7.475065
female,Hationest,Castejón,Hispanic,Valdivia,AracelyValdiviaMenendez@einrot.com,66,42.233425,-1.731288
male,Samot1959,Júzcar,Hispanic,Cabán,JuanJoseCabanVazquez@armyspy.com,65,36.543836,-5.132986
male,Timet1960,Almagro,Hispanic,Saldana,AddisonSaldanaPrado@dayrep.com,64,38.971902,-3.638341
male,Plutch,"Sant Celoni",Hispanic,Díaz,LucianDiazElizondo@fleckens.hu,49,41.781211,2.524479
female,Eforst,Ames,Hispanic,Tafoya,LlanqueTafoyaHidalgo@superrito.com,72,42.384105,-7.215112
male,Sprught47,"Paderne de Allariz",Hispanic,Razo,AdelinoRazoFuentes@einrot.com,77,42.642595,-7.713738
female,Baxt1958,Hondarribia,Hispanic,Vigil,JadenVigilSantacruz@dayrep.com,66,43.293324,-1.85858
male,Trionevered47,Albox,Hispanic,Garica,CleandroGaricaAdame@teleworm.us,77,37.32303,-2.175456
male,Diestill1973,"Cereceda de la Sierra",Hispanic,Godínez,AhmendGodinezSalazar@fleckens.hu,51,40.665238,-5.995115
male,Chil1954,Cordovín,Hispanic,Irizarry,EgeoIrizarryBanuelos@armyspy.com,70,42.299985,-2.83097
male,Gothaden,"Osorno la Mayor",Hispanic,Maestas,NoeMaestasBorrego@superrito.com,25,42.458524,-4.369034
male,Upped1997,"Huércal de Almería",Hispanic,Zúñiga,ZenobioZunigaNarvaez@fleckens.hu,27,37.331904,-2.193787
female,Ininving,Valenzuela,Hispanic,Hernandes,QueilaHernandesAlmaraz@teleworm.us,43,37.798811,-4.144908
male,Yose1967,Cantimpalos,Hispanic,Olivárez,EzerOlivarezVerdugo@gustr.com,57,41.114232,-4.131776
female,Allight,Igualeja,Hispanic,Solórzano,PalmaSolorzanoAvila@jourrapide.com,28,36.691188,-5.058965
male,Liffiller,Cúllar,Hispanic,Zepeda,EuricoZepedaTello@superrito.com,50,37.66932,-2.424475
male,Robef1953,Villafranca,Hispanic,Puente,InaquiPuenteEchevarria@gustr.com,71,42.361627,-1.719774
female,Bardes,"Pedro Martínez",Hispanic,Zarate,CandelaZarateGuevara@teleworm.us,26,37.529316,-3.168043
female,Waragod,Muras,Hispanic,Olivera,IngebergOliveraEscobar@fleckens.hu,28,43.283356,-7.974511
male,Wayed1982,Navalagamella,Hispanic,Jaramillo,HortensioJaramilloContreras@gustr.com,42,40.501929,-4.080863
male,Spones,Ondara,Hispanic,Abreu,EnmanuelAbreuEstrada@teleworm.us,72,38.757863,0.114212
male,Whomed,Borriol,Hispanic,Prado,AntoshikaPradoVerduzco@dayrep.com,38,40.071899,-0.138241
female,Quirld,"Es Castell",Hispanic,Santillán,MaxelindaSantillanAlcala@dayrep.com,36,40.050499,3.881551
male,Untentoody57,Santiago-Pontones,Hispanic,Carrillo,NachoCarrilloOrnelas@superrito.com,67,38.204326,-2.575464
male,Befure,"Valle de Mena",Hispanic,Figueroa,BaldovinFigueroaCuellar@rhyta.com,75,43.0065,-3.335549
male,Gicts1985,Picón,Hispanic,Esquivel,BonifaciEsquivelAparicio@jourrapide.com,39,39.037338,-4.052445
female,Morst1975,Godella,Hispanic,Pedraza,DinoraPedrazaVallejo@superrito.com,49,39.484618,-0.491152
male,Hisgrat,"Fuente de Cantos",Hispanic,Esparza,LucaEsparzaGranados@einrot.com,52,38.171834,-6.298024
male,Liaboarpood1995,Villaralbo,Hispanic,Hurtado,AlanHurtadoNarvaez@armyspy.com,29,41.444009,-5.724506
male,Hile1985,"Torre de Juan Abad",Hispanic,Avilés,GeoffreyAvilesOzuna@dayrep.com,39,38.60999,-3.102985
female,Hishossn,Riópar,Hispanic,Villareal,EmilianaVillarealAlva@cuvox.de,75,38.506187,-2.369514
male,Slivencel,Sonseca,Hispanic,Arce,RaineroArceCoronado@rhyta.com,34,39.713865,-4.047627
male,Forripsy,Caparroso,Hispanic,Baca,NandorBacaCaban@armyspy.com,47,42.386487,-1.607834
male,Spittly,Coirós,Hispanic,Olivas,EzekielOlivasContreras@gustr.com,64,43.215712,-8.089394
female,Wought,Cardedeu,Hispanic,Samaniego,InanSamaniegoEscamilla@cuvox.de,68,41.697182,2.405476
female,Hisay1993,"Santa Margarida de Montbui",Hispanic,Vega,WilmaVegaBarrientos@rhyta.com,31,41.490281,1.68095
female,Herfin,Poblete,Hispanic,Amador,LalitaAmadorFeliciano@jourrapide.com,57,39.047083,-4.043533
male,Hencerel59,"Torre del Campo",Hispanic,Serna,EleodoroSernaArmas@teleworm.us,65,37.802419,-3.838295
male,Somell,"Vall de Almonacid",Hispanic,Pelayo,QuintinPelayoZavala@jourrapide.com,20,39.903313,-0.441246
